charger_id,num_sessions,num_success,num_failed,num_interrupted,avg_energy_delivered_kwh,avg_session_duration_minutes,success_rate,failure_rate,interrupted_rate,num_faults,num_resolved_faults,resolved_fault_ratio,days_since_last_fault,avg_rating,avg_sentiment_score,review_count,num_reviews_low,num_reviews_high
1,42,37,3,2,19.4762,54.1081,0.881,0.0714,0.0476,4,3,0.75,74.0,4.6667,-1.0,21,2,19
4,57,53,1,3,19.2785,44.434,0.9298,0.0175,0.0526,5,3,0.6,13.0,4.3333,-1.0,12,1,10
5,99,99,0,0,17.6299,20.1717,1.0,0.0,0.0,3,3,1.0,116.0,4.6818,-1.0,22,1,20
6,79,71,3,5,17.0055,19.3803,0.8987,0.038,0.0633,1,1,1.0,65.0,4.6667,-1.0,15,1,14
7,119,111,4,4,19.5719,10.991,0.9328,0.0336,0.0336,4,2,0.5,38.0,4.8947,-1.0,19,0,19
8,59,38,15,6,20.8568,24.2368,0.6441,0.2542,0.1017,14,8,0.5714,8.0,3.3333,-1.0,18,7,11
9,55,51,2,2,19.3251,22.3725,0.9273,0.0364,0.0364,2,1,0.5,22.0,4.68,-1.0,25,1,24
10,59,45,8,6,19.0136,121.1778,0.7627,0.1356,0.1017,9,8,0.8889,9.0,3.2,-1.0,25,12,11
11,137,122,7,8,19.2297,10.7541,0.8905,0.0511,0.0584,2,1,0.5,59.0,4.48,-1.0,25,3,22
12,128,120,8,0,19.0398,12.825,0.9375,0.0625,0.0,7,4,0.5714,46.0,4.5,-1.0,16,1,14
13,138,121,13,4,18.8238,21.6612,0.8768,0.0942,0.029,3,2,0.6667,87.0,4.4762,-1.0,21,2,19
14,110,83,15,12,19.8842,57.988,0.7545,0.1364,0.1091,10,9,0.9,10.0,4.3636,-1.0,22,2,19
15,114,99,11,4,20.2274,23.2828,0.8684,0.0965,0.0351,4,4,1.0,43.0,4.45,-1.0,20,2,18
2,61,41,14,6,18.7537,21.6098,0.6721,0.2295,0.0984,9,6,0.6667,6.0,3.7143,-1.0,14,2,9
3,100,89,6,5,18.2434,172.0225,0.89,0.06,0.05,5,3,0.6,36.0,4.2,-1.0,20,4,16
16,39,31,5,3,18.0155,20.5161,0.7949,0.1282,0.0769,9,8,0.8889,56.0,3.8824,-1.0,17,4,11
18,150,128,14,8,19.9474,46.4844,0.8533,0.0933,0.0533,5,5,1.0,0.0,3.9,-1.0,20,3,13
19,66,57,7,2,19.3528,22.0175,0.8636,0.1061,0.0303,6,6,1.0,44.0,4.0952,-1.0,21,3,16
91,41,28,10,3,18.6654,53.9643,0.6829,0.2439,0.0732,8,8,1.0,3.0,4.2778,-1.0,18,2,14
215,117,116,1,0,17.9968,24.8879,0.9915,0.0085,0.0,1,1,1.0,131.0,4.5238,-1.0,21,2,19
20,78,73,1,4,18.7771,43.6849,0.9359,0.0128,0.0513,5,5,1.0,28.0,4.7778,-1.0,18,0,18
21,58,45,8,5,20.7664,47.8,0.7759,0.1379,0.0862,6,4,0.6667,48.0,4.1667,-1.0,24,3,18
22,64,47,4,13,20.6689,15.6809,0.7344,0.0625,0.2031,11,9,0.8182,47.0,3.8,-1.0,25,5,17
23,113,101,5,7,17.9857,20.5941,0.8938,0.0442,0.0619,8,7,0.875,1.0,3.95,-1.0,20,5,15
25,67,57,6,4,19.8384,22.9474,0.8507,0.0896,0.0597,7,4,0.5714,36.0,4.4211,-1.0,19,3,16
26,129,72,35,22,20.565,47.8333,0.5581,0.2713,0.1705,12,11,0.9167,2.0,3.0455,-1.0,22,9,12
27,132,95,26,11,16.7046,39.0105,0.7197,0.197,0.0833,14,11,0.7857,53.0,3.25,-1.0,20,7,9
28,60,55,3,2,18.628,21.4,0.9167,0.05,0.0333,3,0,0.0,33.0,4.5833,-1.0,12,1,11
29,91,82,6,3,19.3802,44.9146,0.9011,0.0659,0.033,9,6,0.6667,9.0,4.0625,-1.0,16,3,13
30,64,57,6,1,17.8528,20.3684,0.8906,0.0938,0.0156,5,2,0.4,34.0,4.1765,-1.0,17,2,13
31,123,116,3,4,19.3018,22.3707,0.9431,0.0244,0.0325,4,3,0.75,6.0,4.5,-1.0,22,2,19
32,51,49,2,0,18.2267,20.898,0.9608,0.0392,0.0,2,2,1.0,122.0,5.0,-1.0,12,0,12
33,120,113,2,5,19.2559,14.6549,0.9417,0.0167,0.0417,4,2,0.5,22.0,4.2609,-1.0,23,5,18
34,63,49,10,4,19.7441,55.0408,0.7778,0.1587,0.0635,5,4,0.8,11.0,4.0,-1.0,20,4,13
35,73,65,5,3,19.6949,55.2462,0.8904,0.0685,0.0411,3,2,0.6667,90.0,3.8095,-1.0,21,4,14
36,113,104,5,4,18.4081,51.4423,0.9204,0.0442,0.0354,2,1,0.5,169.0,4.9333,-1.0,15,0,15
37,95,80,4,11,18.8635,43.6875,0.8421,0.0421,0.1158,12,9,0.75,10.0,4.625,-1.0,16,1,15
38,116,106,5,5,18.3967,21.2264,0.9138,0.0431,0.0431,3,3,1.0,5.0,4.6111,-1.0,18,1,17
39,111,101,6,4,18.8614,43.9505,0.9099,0.0541,0.036,2,2,1.0,60.0,4.7,-1.0,20,1,18
40,39,31,6,2,17.4303,40.7097,0.7949,0.1538,0.0513,6,3,0.5,46.0,4.6667,-1.0,21,0,19
41,37,33,3,1,18.0776,20.697,0.8919,0.0811,0.027,5,5,1.0,28.0,4.2857,-1.0,21,2,16
42,77,68,5,4,18.6359,43.2353,0.8831,0.0649,0.0519,4,4,1.0,22.0,3.75,-1.0,12,4,7
66,41,27,9,5,17.6404,20.5926,0.6585,0.2195,0.122,18,11,0.6111,2.0,2.3846,-1.0,13,8,3
84,111,104,4,3,19.2248,44.5192,0.9369,0.036,0.027,3,1,0.3333,7.0,4.875,-1.0,24,0,24
85,104,101,3,0,19.316,45.1386,0.9712,0.0288,0.0,2,0,0.0,53.0,5.0,-1.0,18,0,18
86,56,53,3,0,19.6066,45.6415,0.9464,0.0536,0.0,5,5,1.0,27.0,4.6,-1.0,15,1,14
87,78,59,12,7,19.5534,57.0678,0.7564,0.1538,0.0897,9,8,0.8889,0.0,3.7692,-1.0,13,3,9
88,96,78,14,4,19.0314,43.9231,0.8125,0.1458,0.0417,8,4,0.5,13.0,3.5,-1.0,14,4,9
89,94,80,6,8,18.202,42.3,0.8511,0.0638,0.0851,9,7,0.7778,5.0,4.3043,-1.0,23,1,19
90,109,97,5,7,18.8214,21.6495,0.8899,0.0459,0.0642,8,7,0.875,0.0,3.9583,-1.0,24,6,18
92,58,53,4,1,18.4274,42.6226,0.9138,0.069,0.0172,3,3,1.0,13.0,4.7727,-1.0,22,1,20
93,101,86,10,5,18.9516,60.2558,0.8515,0.099,0.0495,4,3,0.75,22.0,4.5294,-1.0,17,2,15
94,103,74,16,13,19.1064,55.8784,0.7184,0.1553,0.1262,13,7,0.5385,17.0,3.2353,-1.0,17,7,9
95,147,114,16,17,18.7353,21.6316,0.7755,0.1088,0.1156,11,9,0.8182,8.0,3.6875,-1.0,16,5,11
96,80,68,6,6,20.1741,56.0,0.85,0.075,0.075,7,5,0.7143,47.0,3.7692,-1.0,13,4,9
97,66,57,8,1,19.8482,46.0,0.8636,0.1212,0.0152,4,3,0.75,12.0,4.28,-1.0,25,4,19
98,150,112,19,19,19.2153,55.8393,0.7467,0.1267,0.1267,9,5,0.5556,0.0,3.8,-1.0,15,2,10
99,125,116,8,1,17.5628,40.5086,0.928,0.064,0.008,6,6,1.0,6.0,4.3158,-1.0,19,2,17
100,60,57,3,0,17.8863,41.386,0.95,0.05,0.0,1,1,1.0,147.0,4.6667,-1.0,24,2,22
101,130,113,12,5,19.276,10.9292,0.8692,0.0923,0.0385,7,4,0.5714,77.0,4.3077,-1.0,13,2,11
102,132,121,6,5,18.2031,31.7025,0.9167,0.0455,0.0379,3,3,1.0,52.0,4.4615,-1.0,13,1,12
103,108,97,4,7,19.1553,22.0103,0.8981,0.037,0.0648,8,7,0.875,16.0,4.25,-1.0,16,2,14
104,51,38,6,7,17.5463,6.3947,0.7451,0.1176,0.1373,7,6,0.8571,34.0,4.3889,-1.0,18,1,15
105,53,49,3,1,17.3853,9.7347,0.9245,0.0566,0.0189,2,2,1.0,4.0,4.1667,-1.0,12,1,9
106,108,98,7,3,18.8272,21.6531,0.9074,0.0648,0.0278,5,3,0.6,12.0,4.4286,-1.0,14,2,12
107,83,56,14,13,19.5141,22.375,0.6747,0.1687,0.1566,14,10,0.7143,13.0,3.6818,-1.0,22,6,13
108,56,56,0,0,19.7248,22.6786,1.0,0.0,0.0,1,1,1.0,3.0,4.8095,-1.0,21,1,20
109,127,101,14,12,17.8163,50.0792,0.7953,0.1102,0.0945,9,9,1.0,0.0,4.0,-1.0,16,4,11
110,84,60,16,8,18.6605,52.3167,0.7143,0.1905,0.0952,4,4,1.0,6.0,4.4,-1.0,20,2,18
111,86,70,11,5,19.0779,60.4,0.814,0.1279,0.0581,6,6,1.0,12.0,4.0,-1.0,24,6,17
112,44,39,4,1,17.4736,51.1795,0.8864,0.0909,0.0227,1,1,1.0,34.0,4.7222,-1.0,18,1,17
113,70,60,6,4,18.5227,21.35,0.8571,0.0857,0.0571,9,4,0.4444,31.0,4.2667,-1.0,15,2,12
137,134,101,19,14,17.6325,20.1287,0.7537,0.1418,0.1045,12,10,0.8333,7.0,4.0,-1.0,21,3,16
138,68,61,3,4,17.4149,20.0164,0.8971,0.0441,0.0588,3,1,0.3333,14.0,4.4667,-1.0,15,2,13
174,68,67,0,1,17.4787,20.0299,0.9853,0.0,0.0147,1,1,1.0,168.0,4.5455,-1.0,22,1,21
175,61,51,5,5,21.3743,12.2745,0.8361,0.082,0.082,10,7,0.7,16.0,3.6923,-1.0,13,5,8
176,98,78,12,8,19.8969,22.8077,0.7959,0.1224,0.0816,10,9,0.9,11.0,3.375,-1.0,24,9,14
177,122,102,12,8,19.2076,21.951,0.8361,0.0984,0.0656,10,8,0.8,29.0,2.8462,-1.0,13,7,5
178,133,107,12,14,18.105,424.729,0.8045,0.0902,0.1053,5,4,0.8,6.0,4.0,-1.0,22,5,15
179,137,123,6,8,19.0293,55.3008,0.8978,0.0438,0.0584,6,5,0.8333,7.0,3.8261,-1.0,23,5,14
180,61,49,6,6,19.8796,8.9796,0.8033,0.0984,0.0984,5,5,1.0,50.0,3.8235,-1.0,17,3,11
181,105,87,14,4,19.0066,21.8276,0.8286,0.1333,0.0381,7,4,0.5714,11.0,3.3333,-1.0,15,6,9
182,109,107,1,1,17.7033,9.9813,0.9817,0.0092,0.0092,2,1,0.5,65.0,4.8889,-1.0,18,0,18
183,64,48,8,8,19.6354,11.0625,0.75,0.125,0.125,8,6,0.75,16.0,2.9167,-1.0,12,5,5
184,31,26,5,0,18.3231,10.4231,0.8387,0.1613,0.0,2,2,1.0,11.0,4.3182,-1.0,22,2,17
185,98,89,5,4,19.9713,27.5843,0.9082,0.051,0.0408,4,1,0.25,11.0,4.5,-1.0,24,3,20
186,119,95,14,10,19.2836,22.2421,0.7983,0.1176,0.084,8,7,0.875,27.0,3.7619,-1.0,21,5,13
187,54,48,2,4,17.9969,57.6667,0.8889,0.037,0.0741,4,4,1.0,48.0,4.3571,-1.0,14,2,12
188,72,63,4,5,19.893,11.1429,0.875,0.0556,0.0694,1,1,1.0,156.0,4.6316,-1.0,19,2,17
189,125,98,16,11,18.1472,20.8367,0.784,0.128,0.088,6,5,0.8333,1.0,4.0417,-1.0,24,4,18
190,45,42,3,0,18.7005,43.381,0.9333,0.0667,0.0,9,7,0.7778,31.0,4.0,-1.0,22,4,15
191,128,113,10,5,18.5991,10.4956,0.8828,0.0781,0.0391,3,3,1.0,2.0,3.9,-1.0,20,6,13
192,102,81,10,11,18.1381,20.679,0.7941,0.098,0.1078,13,11,0.8462,2.0,3.9474,-1.0,19,4,13
193,53,49,3,1,19.1357,26.4082,0.9245,0.0566,0.0189,1,0,0.0,122.0,4.7826,-1.0,23,1,22
194,91,74,9,8,20.2999,9.1622,0.8132,0.0989,0.0879,12,10,0.8333,3.0,4.1053,-1.0,19,4,14
195,90,69,10,11,18.2709,427.5507,0.7667,0.1111,0.1222,3,3,1.0,114.0,3.6,-1.0,15,5,8
196,108,91,7,10,18.799,43.7473,0.8426,0.0648,0.0926,5,4,0.8,20.0,4.4,-1.0,25,3,21
197,62,50,7,5,18.0732,49.88,0.8065,0.1129,0.0806,12,9,0.75,39.0,3.7,-1.0,20,4,13
198,42,40,1,1,18.117,424.45,0.9524,0.0238,0.0238,4,4,1.0,26.0,4.4167,-1.0,12,1,10
199,86,81,3,2,17.9994,41.8889,0.9419,0.0349,0.0233,3,0,0.0,9.0,4.7059,-1.0,17,1,16
200,143,132,7,4,19.4791,22.5152,0.9231,0.049,0.028,3,1,0.3333,1.0,4.5385,-1.0,13,1,12
201,100,85,8,7,20.5808,23.4588,0.85,0.08,0.07,4,3,0.75,14.0,4.087,-1.0,23,5,16
202,47,40,4,3,19.6968,22.375,0.8511,0.0851,0.0638,5,3,0.6,18.0,4.4286,-1.0,14,1,12
203,145,131,7,7,18.9779,44.1221,0.9034,0.0483,0.0483,5,3,0.6,31.0,4.2083,-1.0,24,3,19
204,109,91,11,7,19.6523,45.8571,0.8349,0.1009,0.0642,6,5,0.8333,28.0,3.8182,-1.0,22,5,15
205,100,88,5,7,19.482,22.4091,0.88,0.05,0.07,7,5,0.7143,18.0,3.85,-1.0,20,4,16
206,70,59,6,5,19.5585,22.4237,0.8429,0.0857,0.0714,7,5,0.7143,56.0,4.1667,-1.0,12,2,9
207,52,52,0,0,21.8919,25.2308,1.0,0.0,0.0,1,1,1.0,97.0,4.7727,-1.0,22,0,21
208,142,119,11,12,18.5439,51.8235,0.838,0.0775,0.0845,7,7,1.0,46.0,3.7917,-1.0,24,6,16
209,147,110,22,15,17.8755,49.7909,0.7483,0.1497,0.102,13,11,0.8462,16.0,3.8667,-1.0,15,4,11
210,95,87,5,3,19.131,21.8391,0.9158,0.0526,0.0316,3,3,1.0,138.0,4.75,-1.0,12,0,11
211,143,125,10,8,18.6466,43.72,0.8741,0.0699,0.0559,6,5,0.8333,40.0,4.25,-1.0,12,2,10
212,38,29,4,5,21.3462,24.6897,0.7632,0.1053,0.1316,11,9,0.8182,2.0,3.6364,-1.0,22,6,16
213,125,84,25,16,19.0749,21.7738,0.672,0.2,0.128,9,6,0.6667,31.0,3.2105,-1.0,19,8,11
214,123,90,19,14,18.4867,21.3222,0.7317,0.1545,0.1138,13,11,0.8462,14.0,3.4,-1.0,25,9,15
216,52,46,6,0,19.3176,26.913,0.8846,0.1154,0.0,7,5,0.7143,8.0,3.7647,-1.0,17,5,12
217,91,86,1,4,19.0042,16.3256,0.9451,0.011,0.044,4,4,1.0,31.0,4.625,-1.0,16,1,15
218,82,68,10,4,17.5816,14.8971,0.8293,0.122,0.0488,10,7,0.7,7.0,3.913,-1.0,23,4,14
219,74,70,2,2,20.8106,48.4,0.9459,0.027,0.027,2,1,0.5,6.0,4.4211,-1.0,19,3,16
220,96,83,10,3,18.6371,21.4096,0.8646,0.1042,0.0312,6,5,0.8333,26.0,3.7857,-1.0,14,4,10
221,134,103,21,10,20.258,435.9903,0.7687,0.1567,0.0746,7,4,0.5714,51.0,4.4167,-1.0,12,1,10
222,41,38,3,0,20.9224,11.7632,0.9268,0.0732,0.0,1,1,1.0,64.0,4.5714,-1.0,14,1,12
223,58,49,6,3,17.9524,20.551,0.8448,0.1034,0.0517,11,9,0.8182,15.0,4.0,-1.0,14,3,10
224,46,40,5,1,19.1578,21.85,0.8696,0.1087,0.0217,9,6,0.6667,0.0,4.08,-1.0,25,5,19
225,36,27,5,4,18.1611,20.8519,0.75,0.1389,0.1111,7,6,0.8571,32.0,3.6923,-1.0,13,3,9
226,105,99,3,3,17.1527,54.6667,0.9429,0.0286,0.0286,3,3,1.0,16.0,4.5,-1.0,20,2,17
227,72,60,9,3,18.5178,21.1,0.8333,0.125,0.0417,8,7,0.875,9.0,4.3636,-1.0,22,2,19
228,120,100,14,6,18.1547,42.25,0.8333,0.1167,0.05,6,5,0.8333,20.0,4.2222,-1.0,18,3,15
229,37,37,0,0,19.1103,22.1081,1.0,0.0,0.0,5,4,0.8,29.0,4.3333,-1.0,12,1,9
230,36,31,3,2,18.4797,10.3226,0.8611,0.0833,0.0556,9,8,0.8889,26.0,4.5556,-1.0,18,2,16
231,38,26,12,0,18.7873,52.2308,0.6842,0.3158,0.0,6,5,0.8333,57.0,4.15,-1.0,20,3,15
232,43,35,3,5,21.2511,68.4571,0.814,0.0698,0.1163,4,4,1.0,28.0,4.7273,-1.0,22,0,19
233,107,80,16,11,19.0894,21.925,0.7477,0.1495,0.1028,9,6,0.6667,31.0,4.2,-1.0,25,2,18
234,33,28,3,2,18.0525,52.8214,0.8485,0.0909,0.0606,4,4,1.0,2.0,4.7059,-1.0,17,1,16
235,82,80,0,2,19.8726,57.9,0.9756,0.0,0.0244,3,0,0.0,59.0,4.4,-1.0,15,2,13
236,91,59,19,13,17.8003,49.8644,0.6484,0.2088,0.1429,7,5,0.7143,2.0,3.3333,-1.0,12,4,8
237,60,53,6,1,18.7638,21.3208,0.8833,0.1,0.0167,4,4,1.0,36.0,4.381,-1.0,21,0,18
238,131,106,12,13,19.6334,22.5943,0.8092,0.0916,0.0992,7,7,1.0,11.0,3.4091,-1.0,22,6,13
239,32,30,1,1,19.5157,22.7333,0.9375,0.0312,0.0312,3,1,0.3333,41.0,4.3846,-1.0,13,2,11
240,56,54,2,0,19.4224,54.3519,0.9643,0.0357,0.0,3,2,0.6667,17.0,4.65,-1.0,20,1,18
241,109,96,10,3,18.6396,21.4688,0.8807,0.0917,0.0275,3,3,1.0,83.0,4.5789,-1.0,19,2,17
242,127,111,8,8,18.6776,43.1802,0.874,0.063,0.063,5,5,1.0,4.0,4.2143,-1.0,14,2,12
243,47,43,2,2,19.264,8.7442,0.9149,0.0426,0.0426,9,9,1.0,27.0,4.4,-1.0,15,1,12
244,148,120,19,9,18.307,53.1667,0.8108,0.1284,0.0608,8,5,0.625,20.0,4.0714,-1.0,14,2,9
245,108,79,19,10,17.9365,171.2785,0.7315,0.1759,0.0926,10,7,0.7,32.0,3.8,-1.0,15,3,10
246,121,92,17,12,18.5605,10.4022,0.7603,0.1405,0.0992,7,5,0.7143,31.0,3.7857,-1.0,14,4,10
247,94,87,3,4,19.5138,54.4828,0.9255,0.0319,0.0426,4,3,0.75,6.0,4.8,-1.0,25,1,24
248,42,39,3,0,17.6551,623.6154,0.9286,0.0714,0.0,3,1,0.3333,18.0,4.6667,-1.0,15,1,14
249,60,53,2,5,18.2142,20.9434,0.8833,0.0333,0.0833,8,6,0.75,39.0,3.8462,-1.0,13,2,8
250,65,63,0,2,19.7424,45.5238,0.9692,0.0,0.0308,2,1,0.5,5.0,4.8261,-1.0,23,0,23
251,59,50,7,2,20.105,203.02,0.8475,0.1186,0.0339,3,1,0.3333,106.0,3.65,-1.0,20,6,12
252,44,43,1,0,16.746,45.7442,0.9773,0.0227,0.0,4,2,0.5,142.0,3.6842,-1.0,19,6,12
253,139,131,6,2,19.1585,22.0229,0.9424,0.0432,0.0144,3,1,0.3333,32.0,4.0714,-1.0,14,3,10
254,58,45,5,8,17.6464,40.7111,0.7759,0.0862,0.1379,11,11,1.0,39.0,3.7619,-1.0,21,4,15
255,144,134,5,5,19.283,14.6642,0.9306,0.0347,0.0347,4,4,1.0,3.0,4.3684,-1.0,19,1,17
256,73,64,8,1,18.2439,42.4531,0.8767,0.1096,0.0137,9,7,0.7778,2.0,3.8261,-1.0,23,5,14
257,31,19,8,4,20.8305,24.1579,0.6129,0.2581,0.129,10,6,0.6,49.0,3.9091,-1.0,22,4,15
258,133,120,8,5,19.2548,22.15,0.9023,0.0602,0.0376,5,4,0.8,88.0,4.0952,-1.0,21,3,17
259,67,58,6,3,18.9755,44.1897,0.8657,0.0896,0.0448,2,1,0.5,83.0,4.7391,-1.0,23,1,21
260,59,56,0,3,19.7084,22.4821,0.9492,0.0,0.0508,5,5,1.0,64.0,4.7619,-1.0,21,1,19
261,50,40,7,3,18.1248,52.975,0.8,0.14,0.06,3,3,1.0,27.0,3.8,-1.0,15,4,11
262,56,49,4,3,19.8778,466.9592,0.875,0.0714,0.0536,5,3,0.6,2.0,4.6522,-1.0,23,1,21
263,116,94,11,11,18.5654,43.0426,0.8103,0.0948,0.0948,7,5,0.7143,1.0,4.4444,-1.0,18,1,16
264,100,95,5,0,18.9243,44.0947,0.95,0.05,0.0,0,0,0.0,,4.76,-1.0,25,1,24
265,86,76,8,2,17.6212,40.5658,0.8837,0.093,0.0233,6,5,0.8333,22.0,4.7857,-1.0,14,0,13
266,109,85,10,14,19.5887,22.4706,0.7798,0.0917,0.1284,7,6,0.8571,12.0,3.9333,-1.0,15,4,11
267,105,94,5,6,18.327,21.1489,0.8952,0.0476,0.0571,2,2,1.0,59.0,4.5385,-1.0,13,1,11
268,114,96,11,7,19.6789,57.4479,0.8421,0.0965,0.0614,6,5,0.8333,17.0,4.2143,-1.0,14,1,11
269,91,74,13,4,21.2245,501.3514,0.8132,0.1429,0.044,8,4,0.5,17.0,3.7143,-1.0,14,4,7
270,138,100,22,16,19.7149,62.65,0.7246,0.1594,0.1159,6,5,0.8333,13.0,4.375,-1.0,24,3,20
271,113,109,3,1,19.1765,22.0092,0.9646,0.0265,0.0088,3,2,0.6667,67.0,4.7333,-1.0,15,0,15
272,118,104,11,3,18.8366,43.7596,0.8814,0.0932,0.0254,6,6,1.0,11.0,4.087,-1.0,23,3,18
273,96,81,6,9,18.0741,42.0,0.8438,0.0625,0.0938,7,4,0.5714,2.0,4.0,-1.0,14,3,10
274,140,126,9,5,18.3097,429.8254,0.9,0.0643,0.0357,5,5,1.0,49.0,4.52,-1.0,25,2,23
275,93,77,10,6,19.6896,22.8052,0.828,0.1075,0.0645,6,3,0.5,17.0,3.2941,-1.0,17,7,9
276,58,48,7,3,20.0413,470.7917,0.8276,0.1207,0.0517,9,7,0.7778,27.0,3.4118,-1.0,17,5,9
277,36,21,7,8,21.9414,51.1429,0.5833,0.1944,0.2222,18,12,0.6667,9.0,3.1176,-1.0,17,7,10
278,62,59,3,0,19.7992,11.1356,0.9516,0.0484,0.0,2,2,1.0,46.0,4.5625,-1.0,16,1,14
279,94,78,11,5,20.4205,9.1923,0.8298,0.117,0.0532,4,4,1.0,3.0,4.5882,-1.0,17,1,16
280,44,35,6,3,17.7971,49.7714,0.7955,0.1364,0.0682,8,7,0.875,71.0,3.5556,-1.0,18,5,10
281,54,40,6,8,18.075,20.875,0.7407,0.1111,0.1481,9,6,0.6667,6.0,4.0833,-1.0,12,2,9
282,98,87,6,5,18.8089,442.5977,0.8878,0.0612,0.051,3,3,1.0,0.0,4.44,-1.0,25,2,22
283,105,91,8,6,18.2391,428.0659,0.8667,0.0762,0.0571,4,3,0.75,52.0,4.2308,-1.0,13,2,10
284,132,106,19,7,19.222,10.8208,0.803,0.1439,0.053,8,5,0.625,23.0,3.9231,-1.0,13,3,10
285,123,104,11,8,19.2578,10.8462,0.8455,0.0894,0.065,11,8,0.7273,1.0,4.3077,-1.0,13,1,10
286,125,105,15,5,17.394,24.0476,0.84,0.12,0.04,4,4,1.0,42.0,4.3,-1.0,20,2,17
287,108,87,15,6,17.5136,9.8851,0.8056,0.1389,0.0556,3,2,0.6667,1.0,4.6154,-1.0,13,0,12
288,38,32,4,2,20.9075,24.1875,0.8421,0.1053,0.0526,8,5,0.625,12.0,3.6316,-1.0,19,6,12
289,107,79,17,11,17.9704,41.6962,0.7383,0.1589,0.1028,5,4,0.8,6.0,3.5,-1.0,22,6,12
290,140,114,14,12,19.3811,22.2719,0.8143,0.1,0.0857,7,7,1.0,1.0,3.5,-1.0,18,7,9
291,44,34,8,2,18.8632,44.4118,0.7727,0.1818,0.0455,11,7,0.6364,24.0,4.5263,-1.0,19,1,17
292,137,117,14,6,19.6556,22.6239,0.854,0.1022,0.0438,4,3,0.75,18.0,4.1304,-1.0,23,2,18
293,140,120,11,9,19.2392,10.9167,0.8571,0.0786,0.0643,5,4,0.8,21.0,4.0952,-1.0,21,5,15
294,79,75,1,3,19.0299,10.76,0.9494,0.0127,0.038,3,1,0.3333,28.0,4.7619,-1.0,21,1,20
295,97,76,13,8,18.9491,43.9474,0.7835,0.134,0.0825,8,6,0.75,27.0,3.44,-1.0,25,8,13
296,118,95,11,12,18.5451,42.7789,0.8051,0.0932,0.1017,10,6,0.6,18.0,3.6111,-1.0,18,5,13
297,97,91,3,3,18.8305,21.6923,0.9381,0.0309,0.0309,4,3,0.75,32.0,4.6429,-1.0,14,0,13
298,55,49,3,3,18.6427,21.449,0.8909,0.0545,0.0545,1,1,1.0,125.0,4.5263,-1.0,19,1,17
299,147,114,20,13,17.4475,20.0614,0.7755,0.1361,0.0884,9,8,0.8889,18.0,3.1579,-1.0,19,9,10
300,89,72,9,8,17.4493,7.5278,0.809,0.1011,0.0899,8,7,0.875,26.0,4.0476,-1.0,21,4,16
301,54,50,4,0,19.966,46.5,0.9259,0.0741,0.0,3,3,1.0,82.0,4.72,-1.0,25,1,23
302,43,39,3,1,19.2764,56.0256,0.907,0.0698,0.0233,2,0,0.0,79.0,4.3158,-1.0,19,3,15
303,90,84,3,3,19.3338,22.1905,0.9333,0.0333,0.0333,2,2,1.0,73.0,4.3,-1.0,20,2,16
304,76,71,4,1,19.1045,188.0704,0.9342,0.0526,0.0132,4,2,0.5,7.0,4.5,-1.0,12,0,10
305,71,63,6,2,19.2903,11.0,0.8873,0.0845,0.0282,3,3,1.0,3.0,4.5333,-1.0,15,0,14
306,61,59,1,1,19.9998,9.0678,0.9672,0.0164,0.0164,3,2,0.6667,27.0,4.2381,-1.0,21,3,18
307,100,87,6,7,19.786,55.3218,0.87,0.06,0.07,5,3,0.6,37.0,4.4348,-1.0,23,1,18
308,145,142,3,0,19.3451,45.0563,0.9793,0.0207,0.0,1,1,1.0,112.0,4.875,-1.0,16,0,16
309,96,90,4,2,18.0766,42.0556,0.9375,0.0417,0.0208,4,3,0.75,13.0,4.7273,-1.0,22,0,21
310,46,37,6,3,21.1057,11.9459,0.8043,0.1304,0.0652,6,3,0.5,7.0,3.3333,-1.0,15,6,7
311,139,129,6,4,20.4854,23.6744,0.9281,0.0432,0.0288,3,2,0.6667,2.0,4.8824,-1.0,17,0,17
312,102,86,10,6,17.9978,41.7791,0.8431,0.098,0.0588,3,3,1.0,108.0,4.4,-1.0,25,3,21
313,37,35,1,1,17.614,40.6857,0.9459,0.027,0.027,0,0,0.0,,4.5882,-1.0,17,2,15
314,64,57,6,1,17.8091,49.4035,0.8906,0.0938,0.0156,2,2,1.0,2.0,4.2,-1.0,25,2,18
315,112,109,2,1,16.9456,47.3303,0.9732,0.0179,0.0089,2,2,1.0,65.0,4.65,-1.0,20,1,18
316,116,85,19,12,18.372,58.5059,0.7328,0.1638,0.1034,9,9,1.0,6.0,3.6842,-1.0,19,6,12
317,77,63,8,6,19.8443,92.4762,0.8182,0.1039,0.0779,4,3,0.75,52.0,4.0,-1.0,25,4,17
318,43,32,5,6,19.5181,456.9688,0.7442,0.1163,0.1395,16,12,0.75,12.0,2.8462,-1.0,13,7,5
319,149,129,9,11,19.5065,454.969,0.8658,0.0604,0.0738,4,4,1.0,18.0,4.28,-1.0,25,2,21
320,150,143,4,3,19.1531,10.8462,0.9533,0.0267,0.02,2,2,1.0,32.0,4.8696,-1.0,23,0,22
321,142,102,24,16,19.3793,453.951,0.7183,0.169,0.1127,8,5,0.625,9.0,4.2222,-1.0,18,3,15
322,35,28,5,2,17.5643,13.3571,0.8,0.1429,0.0571,10,7,0.7,21.0,4.6923,-1.0,13,0,13
323,36,31,3,2,17.8416,24.7419,0.8611,0.0833,0.0556,8,4,0.5,22.0,3.7917,-1.0,24,6,15
324,112,97,7,8,19.6298,17.9381,0.8661,0.0625,0.0714,4,3,0.75,10.0,4.0833,-1.0,12,1,10
325,121,108,5,8,19.5762,11.0278,0.8926,0.0413,0.0661,4,3,0.75,113.0,4.5652,-1.0,23,2,21
326,68,57,8,3,18.2772,41.8772,0.8382,0.1176,0.0441,4,3,0.75,16.0,3.8,-1.0,20,5,13
327,85,77,5,3,19.0031,21.8182,0.9059,0.0588,0.0353,2,2,1.0,82.0,4.2857,-1.0,14,1,12
328,48,44,2,2,19.9223,22.7727,0.9167,0.0417,0.0417,5,2,0.4,44.0,4.3158,-1.0,19,2,15
329,144,128,7,9,19.0745,53.6016,0.8889,0.0486,0.0625,5,4,0.8,24.0,3.95,-1.0,20,5,15
330,31,27,1,3,17.4833,19.9259,0.871,0.0323,0.0968,5,5,1.0,17.0,4.4118,-1.0,17,2,15
331,91,79,8,4,19.7387,22.6835,0.8681,0.0879,0.044,3,2,0.6667,83.0,3.7778,-1.0,18,5,12
332,110,104,5,1,18.1894,172.7212,0.9455,0.0455,0.0091,1,1,1.0,66.0,4.4737,-1.0,19,2,16
333,63,49,13,1,19.2331,22.0,0.7778,0.2063,0.0159,8,5,0.625,17.0,4.1765,-1.0,17,3,14
334,137,116,13,8,18.9327,52.8362,0.8467,0.0949,0.0584,8,7,0.875,8.0,4.12,-1.0,25,4,18
335,139,132,5,2,18.6061,21.25,0.9496,0.036,0.0144,2,2,1.0,99.0,4.5652,-1.0,23,2,21
336,133,122,6,5,18.6922,21.4672,0.9173,0.0451,0.0376,6,5,0.8333,38.0,4.1364,-1.0,22,5,17
337,69,57,8,4,20.1151,47.1754,0.8261,0.1159,0.058,8,6,0.75,24.0,4.4615,-1.0,13,1,12
338,49,46,2,1,20.8076,48.2391,0.9388,0.0408,0.0204,5,4,0.8,31.0,4.4762,-1.0,21,2,19
339,144,132,8,4,19.1873,183.5076,0.9167,0.0556,0.0278,2,1,0.5,80.0,4.6923,-1.0,13,0,13
340,130,112,8,10,19.3333,22.2411,0.8615,0.0615,0.0769,7,5,0.7143,9.0,4.9231,-1.0,13,0,13
341,66,60,4,2,19.1203,26.5667,0.9091,0.0606,0.0303,7,5,0.7143,2.0,4.3158,-1.0,19,4,15
342,128,115,6,7,19.1074,22.0174,0.8984,0.0469,0.0547,2,1,0.5,46.0,4.5238,-1.0,21,2,19
343,122,107,11,4,19.2808,22.1682,0.877,0.0902,0.0328,3,1,0.3333,25.0,4.25,-1.0,24,3,20
344,72,55,12,5,18.5755,10.4909,0.7639,0.1667,0.0694,7,5,0.7143,15.0,3.1667,-1.0,18,7,7
345,40,33,5,2,20.1839,11.6667,0.825,0.125,0.05,11,10,0.9091,19.0,4.1,-1.0,20,3,15
348,92,71,10,11,18.3445,42.9155,0.7717,0.1087,0.1196,7,4,0.5714,2.0,3.2174,-1.0,23,9,11
352,41,37,1,3,17.1668,39.5405,0.9024,0.0244,0.0732,2,2,1.0,26.0,4.3158,-1.0,19,3,16
353,99,83,8,8,18.2637,42.5542,0.8384,0.0808,0.0808,7,5,0.7143,15.0,4.2917,-1.0,24,4,19
354,125,101,17,7,18.191,20.9505,0.808,0.136,0.056,4,4,1.0,3.0,3.625,-1.0,24,7,15
355,145,124,11,10,18.8628,43.7016,0.8552,0.0759,0.069,4,1,0.25,28.0,3.6667,-1.0,12,3,7
24,137,125,7,5,18.6249,43.2,0.9124,0.0511,0.0365,3,2,0.6667,5.0,4.8824,-1.0,17,0,17
17,116,95,13,8,18.5265,21.2316,0.819,0.1121,0.069,9,8,0.8889,12.0,4.1333,-1.0,15,3,12
356,80,69,4,7,19.1025,21.8986,0.8625,0.05,0.0875,4,3,0.75,40.0,4.3571,-1.0,14,2,12
357,106,91,14,1,18.7664,21.5495,0.8585,0.1321,0.0094,5,3,0.6,2.0,3.8889,-1.0,18,4,10
358,62,55,6,1,18.1953,42.4909,0.8871,0.0968,0.0161,7,5,0.7143,44.0,3.625,-1.0,24,6,13
359,60,48,10,2,19.5558,16.5417,0.8,0.1667,0.0333,10,8,0.8,11.0,3.8333,-1.0,12,3,8
360,136,120,10,6,19.3631,22.2083,0.8824,0.0735,0.0441,8,5,0.625,0.0,4.2857,-1.0,21,3,17
361,80,74,3,3,19.5999,22.4595,0.925,0.0375,0.0375,5,4,0.8,15.0,4.6842,-1.0,19,1,17
362,61,51,5,5,19.6341,54.9412,0.8361,0.082,0.082,4,4,1.0,36.0,4.7143,-1.0,14,1,13
363,134,95,20,19,19.0757,21.8105,0.709,0.1493,0.1418,6,2,0.3333,34.0,4.2143,-1.0,14,2,11
364,81,78,3,0,19.8137,22.9359,0.963,0.037,0.0,4,2,0.5,82.0,4.3333,-1.0,21,4,17
365,74,61,10,3,19.6331,57.2787,0.8243,0.1351,0.0405,7,7,1.0,27.0,4.1875,-1.0,16,2,11
366,88,75,11,2,18.1779,10.1733,0.8523,0.125,0.0227,6,5,0.8333,1.0,4.4286,-1.0,14,1,13
367,119,103,9,7,17.961,10.1359,0.8655,0.0756,0.0588,7,7,1.0,25.0,4.5789,-1.0,19,0,17
368,69,50,13,6,18.3906,42.78,0.7246,0.1884,0.087,9,4,0.4444,21.0,3.6111,-1.0,18,4,12
369,103,82,13,8,19.3267,22.1951,0.7961,0.1262,0.0777,9,7,0.7778,1.0,3.4667,-1.0,15,5,7
370,88,64,14,10,18.0692,24.7812,0.7273,0.1591,0.1136,6,4,0.6667,20.0,3.381,-1.0,21,8,11
371,149,129,13,7,19.4802,22.5039,0.8658,0.0872,0.047,3,2,0.6667,67.0,4.5385,-1.0,13,1,11
372,130,116,8,6,18.0895,8.2672,0.8923,0.0615,0.0462,4,4,1.0,124.0,4.5625,-1.0,16,1,14
373,63,53,7,3,20.1662,46.8113,0.8413,0.1111,0.0476,9,6,0.6667,7.0,4.1765,-1.0,17,4,13
374,103,86,5,12,19.2292,22.0581,0.835,0.0485,0.1165,7,7,1.0,50.0,3.7895,-1.0,19,4,12
375,58,54,3,1,19.0846,7.3519,0.931,0.0517,0.0172,1,1,1.0,27.0,4.7333,-1.0,15,1,14
376,73,67,4,2,19.5487,56.3134,0.9178,0.0548,0.0274,1,0,0.0,147.0,4.4091,-1.0,22,3,18
377,132,95,20,17,20.0092,46.8105,0.7197,0.1515,0.1288,12,9,0.75,6.0,3.3158,-1.0,19,8,10
378,87,68,10,9,19.9885,46.3824,0.7816,0.1149,0.1034,9,7,0.7778,2.0,3.9048,-1.0,21,6,15
379,44,39,2,3,17.5403,7.5385,0.8864,0.0455,0.0682,3,3,1.0,38.0,4.5263,-1.0,19,2,17
380,91,84,1,6,18.4323,43.119,0.9231,0.011,0.0659,1,1,1.0,114.0,4.0476,-1.0,21,4,15
381,30,27,2,1,20.7456,23.8519,0.9,0.0667,0.0333,5,3,0.6,20.0,3.9167,-1.0,12,4,8
382,66,47,15,4,19.5315,22.2553,0.7121,0.2273,0.0606,7,5,0.7143,1.0,3.9167,-1.0,24,3,16
383,141,124,10,7,19.94,23.0645,0.8794,0.0709,0.0496,3,1,0.3333,79.0,4.35,-1.0,20,2,16
384,90,87,3,0,18.0213,50.2069,0.9667,0.0333,0.0,3,2,0.6667,48.0,4.4783,-1.0,23,3,19
385,65,57,3,5,17.663,10.0526,0.8769,0.0462,0.0769,5,4,0.8,7.0,4.5,-1.0,20,2,18
386,125,104,13,8,18.6997,21.6442,0.832,0.104,0.064,6,5,0.8333,10.0,4.1905,-1.0,21,4,17
387,48,41,1,6,20.14,6.0976,0.8542,0.0208,0.125,7,4,0.5714,4.0,3.8095,-1.0,21,5,13
388,144,116,15,13,19.4561,22.3966,0.8056,0.1042,0.0903,8,4,0.5,39.0,3.2083,-1.0,24,9,12
389,134,97,28,9,19.9258,11.3505,0.7239,0.209,0.0672,10,6,0.6,61.0,3.2667,-1.0,15,5,7
390,121,104,9,8,18.9226,43.9519,0.8595,0.0744,0.0661,6,4,0.6667,57.0,3.7619,-1.0,21,5,13
391,87,57,18,12,17.6339,41.0,0.6552,0.2069,0.1379,11,9,0.8182,50.0,3.7083,-1.0,24,8,16
392,145,137,5,3,19.0568,5.9051,0.9448,0.0345,0.0207,1,1,1.0,69.0,4.7647,-1.0,17,1,16
393,143,115,17,11,19.2703,22.0957,0.8042,0.1189,0.0769,8,5,0.625,17.0,4.5909,-1.0,22,1,19
398,55,52,3,0,17.8388,20.4038,0.9455,0.0545,0.0,2,1,0.5,9.0,4.6667,-1.0,21,0,18
399,73,57,10,6,19.317,44.9825,0.7808,0.137,0.0822,6,5,0.8333,1.0,4.08,-1.0,25,5,18
400,97,80,9,8,18.7281,21.4875,0.8247,0.0928,0.0825,10,6,0.6,0.0,4.2632,-1.0,19,2,14
401,135,123,6,6,19.8224,22.7967,0.9111,0.0444,0.0444,4,2,0.5,50.0,4.0667,-1.0,15,3,11
402,125,93,19,13,19.0851,21.9785,0.744,0.152,0.104,11,9,0.8182,22.0,3.9524,-1.0,21,4,15
403,72,59,8,5,19.5854,22.4746,0.8194,0.1111,0.0694,6,6,1.0,61.0,3.5652,-1.0,23,6,14
404,122,102,14,6,20.2292,23.3922,0.8361,0.1148,0.0492,9,6,0.6667,23.0,4.0,-1.0,15,3,11
405,64,56,6,2,20.1705,46.9286,0.875,0.0938,0.0312,7,6,0.8571,1.0,4.25,-1.0,12,1,9
406,49,43,5,1,19.7047,55.5116,0.8776,0.102,0.0204,3,3,1.0,84.0,4.75,-1.0,24,1,22
407,63,60,1,2,18.0258,50.1,0.9524,0.0159,0.0317,3,3,1.0,59.0,4.9474,-1.0,19,0,19
408,45,36,5,4,19.3153,22.0278,0.8,0.1111,0.0889,12,11,0.9167,4.0,3.9286,-1.0,14,4,10
409,150,141,4,5,19.238,53.8723,0.94,0.0267,0.0333,2,2,1.0,81.0,4.375,-1.0,16,1,15
410,136,98,28,10,18.1868,20.8776,0.7206,0.2059,0.0735,16,12,0.75,24.0,3.04,-1.0,25,11,12
411,110,96,9,5,18.9402,8.5208,0.8727,0.0818,0.0455,8,7,0.875,4.0,3.9231,-1.0,13,3,10
412,109,92,13,4,18.5503,10.4239,0.844,0.1193,0.0367,5,3,0.6,25.0,4.05,-1.0,20,4,15
413,93,89,1,3,19.2963,26.5281,0.957,0.0108,0.0323,2,2,1.0,71.0,4.8824,-1.0,17,0,17
414,120,109,7,4,19.5824,45.7248,0.9083,0.0583,0.0333,6,4,0.6667,32.0,3.4737,-1.0,19,7,11
415,94,91,2,1,18.63,43.2198,0.9681,0.0213,0.0106,3,2,0.6667,21.0,4.6111,-1.0,18,2,16
416,125,102,13,10,17.9435,20.6176,0.816,0.104,0.08,7,4,0.5714,10.0,3.7333,-1.0,15,5,10
417,129,120,4,5,19.5612,45.5083,0.9302,0.031,0.0388,4,3,0.75,14.0,4.5263,-1.0,19,2,17
418,112,100,8,4,20.5784,23.67,0.8929,0.0714,0.0357,5,3,0.6,19.0,4.0,-1.0,25,5,18
419,53,45,3,5,21.0136,58.4889,0.8491,0.0566,0.0943,2,1,0.5,43.0,4.6667,-1.0,18,1,17
420,148,127,16,5,18.4228,10.4803,0.8581,0.1081,0.0338,2,2,1.0,24.0,4.1667,-1.0,18,3,14
421,77,55,13,9,19.0802,21.9091,0.7143,0.1688,0.1169,9,7,0.7778,37.0,4.1304,-1.0,23,3,18
422,89,83,2,4,18.4666,21.2048,0.9326,0.0225,0.0449,6,4,0.6667,7.0,4.05,-1.0,20,4,15
423,130,116,11,3,18.1808,20.9828,0.8923,0.0846,0.0231,5,3,0.6,18.0,4.28,-1.0,25,3,19
424,37,35,0,2,18.4666,21.2,0.9459,0.0,0.0541,2,2,1.0,37.0,4.44,-1.0,25,3,22
425,74,69,1,4,19.2436,13.1304,0.9324,0.0135,0.0541,3,3,1.0,6.0,4.5217,-1.0,23,2,20
426,124,92,21,11,18.1463,172.3261,0.7419,0.1694,0.0887,12,10,0.8333,3.0,3.2105,-1.0,19,8,9
427,126,116,7,3,20.4578,23.5862,0.9206,0.0556,0.0238,1,1,1.0,4.0,4.72,-1.0,25,1,24
428,79,78,1,0,20.4783,204.0128,0.9873,0.0127,0.0,2,0,0.0,74.0,4.5833,-1.0,12,0,11
429,84,75,5,4,19.6539,54.6267,0.8929,0.0595,0.0476,9,6,0.6667,34.0,4.1667,-1.0,18,3,14
430,117,94,13,10,18.1832,181.6702,0.8034,0.1111,0.0855,7,5,0.7143,25.0,4.0,-1.0,24,5,16
431,82,71,5,6,21.1679,49.2113,0.8659,0.061,0.0732,4,2,0.5,35.0,4.3,-1.0,20,1,16
432,49,44,3,2,19.0148,43.9545,0.898,0.0612,0.0408,0,0,0.0,,4.5833,-1.0,12,1,11
433,97,91,4,2,19.5225,45.3846,0.9381,0.0412,0.0206,2,2,1.0,75.0,4.6667,-1.0,12,1,11
434,136,117,13,6,19.7858,22.7179,0.8603,0.0956,0.0441,4,3,0.75,55.0,3.5625,-1.0,16,5,9
435,67,46,16,5,18.917,43.8913,0.6866,0.2388,0.0746,14,11,0.7857,14.0,3.95,-1.0,20,4,16
436,68,59,4,5,17.7942,20.5932,0.8676,0.0588,0.0735,7,4,0.5714,7.0,4.2222,-1.0,18,3,14
437,92,82,3,7,18.099,42.0976,0.8913,0.0326,0.0761,10,6,0.6,24.0,4.0455,-1.0,22,4,16
438,41,34,4,3,20.0688,23.1176,0.8293,0.0976,0.0732,6,5,0.8333,9.0,4.3333,-1.0,24,2,19
439,97,82,10,5,20.327,204.6951,0.8454,0.1031,0.0515,6,5,0.8333,2.0,3.8462,-1.0,13,2,8
440,138,122,9,7,19.5484,22.377,0.8841,0.0652,0.0507,8,5,0.625,12.0,4.4,-1.0,25,2,22
441,118,111,5,2,20.0016,46.4955,0.9407,0.0424,0.0169,3,1,0.3333,33.0,4.75,-1.0,20,0,20
442,93,81,6,6,19.9494,200.9012,0.871,0.0645,0.0645,8,5,0.625,49.0,3.2083,-1.0,24,9,12
443,73,65,3,5,18.5278,21.2769,0.8904,0.0411,0.0685,4,4,1.0,55.0,4.2857,-1.0,21,3,17
444,40,33,1,6,19.1209,44.9394,0.825,0.025,0.15,9,9,1.0,13.0,3.2,-1.0,15,6,9
445,114,99,11,4,18.4147,42.9091,0.8684,0.0965,0.0351,7,5,0.7143,0.0,4.6667,-1.0,12,0,11
446,85,82,2,1,19.52,22.3537,0.9647,0.0235,0.0118,1,1,1.0,6.0,4.3913,-1.0,23,3,19
447,97,88,6,3,19.0351,43.8864,0.9072,0.0619,0.0309,2,2,1.0,113.0,4.7826,-1.0,23,0,23
448,101,74,15,12,20.0191,23.0405,0.7327,0.1485,0.1188,5,1,0.2,15.0,3.05,-1.0,20,9,10
449,144,125,10,9,19.6438,45.776,0.8681,0.0694,0.0625,2,2,1.0,41.0,4.2857,-1.0,14,1,12
450,124,109,10,5,18.6061,21.3211,0.879,0.0806,0.0403,7,6,0.8571,28.0,3.96,-1.0,25,6,17
451,66,51,7,8,19.8414,198.3725,0.7727,0.1061,0.1212,9,7,0.7778,9.0,3.8125,-1.0,16,4,11
452,78,67,6,5,17.8206,174.7313,0.859,0.0769,0.0641,5,4,0.8,1.0,4.1739,-1.0,23,4,16
453,30,26,3,1,17.2158,170.4615,0.8667,0.1,0.0333,4,4,1.0,87.0,4.8,-1.0,20,1,19
454,85,70,10,5,18.9083,22.0143,0.8235,0.1176,0.0588,7,5,0.7143,14.0,4.1304,-1.0,23,4,18
455,48,41,3,4,19.9949,46.1463,0.8542,0.0625,0.0833,5,4,0.8,34.0,4.0,-1.0,18,3,13
456,142,112,20,10,20.7749,48.0536,0.7887,0.1408,0.0704,7,7,1.0,53.0,3.5238,-1.0,21,8,12
457,54,41,7,6,20.3651,23.5122,0.7593,0.1296,0.1111,6,5,0.8333,66.0,4.5789,-1.0,19,1,16
458,119,91,16,12,19.5229,7.5934,0.7647,0.1345,0.1008,6,4,0.6667,21.0,3.9286,-1.0,14,4,9
459,65,57,8,0,17.0277,19.5965,0.8769,0.1231,0.0,6,3,0.5,13.0,4.6316,-1.0,19,1,17
460,42,36,4,2,18.2122,10.1389,0.8571,0.0952,0.0476,11,9,0.8182,0.0,4.1739,-1.0,23,4,18
461,55,43,7,5,20.4316,47.8372,0.7818,0.1273,0.0909,6,6,1.0,4.0,3.6,-1.0,15,5,10
462,33,31,2,0,18.8329,43.6129,0.9394,0.0606,0.0,6,6,1.0,1.0,4.4091,-1.0,22,2,18
463,71,64,3,4,18.8923,54.7031,0.9014,0.0423,0.0563,3,3,1.0,7.0,4.4444,-1.0,18,2,15
464,86,76,3,7,18.8724,21.7105,0.8837,0.0349,0.0814,5,4,0.8,22.0,4.5,-1.0,24,2,22
465,118,99,14,5,18.9165,52.596,0.839,0.1186,0.0424,10,9,0.9,27.0,3.6667,-1.0,15,3,10
466,62,57,5,0,18.6054,21.2281,0.9194,0.0806,0.0,6,5,0.8333,10.0,4.0,-1.0,14,3,9
467,62,55,4,3,19.0625,44.2364,0.8871,0.0645,0.0484,2,2,1.0,21.0,4.8,-1.0,25,0,23
468,49,39,3,7,20.0454,15.2051,0.7959,0.0612,0.1429,9,8,0.8889,42.0,4.6471,-1.0,17,1,15
469,87,75,8,4,19.4408,54.4667,0.8621,0.092,0.046,7,6,0.8571,6.0,4.0714,-1.0,14,3,10
470,126,107,15,4,18.6258,43.3551,0.8492,0.119,0.0317,8,5,0.625,6.0,4.0,-1.0,22,4,16
471,81,73,3,5,19.597,45.3288,0.9012,0.037,0.0617,4,3,0.75,12.0,4.8261,-1.0,23,1,22
472,64,57,4,3,17.4895,40.5439,0.8906,0.0625,0.0469,4,1,0.25,95.0,3.8095,-1.0,21,5,14
476,54,42,6,6,17.059,19.619,0.7778,0.1111,0.1111,7,7,1.0,5.0,4.04,-1.0,25,4,19
477,85,80,3,2,17.9691,41.7125,0.9412,0.0353,0.0235,4,4,1.0,48.0,4.7059,-1.0,17,1,16
478,112,106,5,1,19.6128,22.4528,0.9464,0.0446,0.0089,5,4,0.8,66.0,4.5909,-1.0,22,1,19
506,43,42,1,0,19.101,21.881,0.9767,0.0233,0.0,4,2,0.5,1.0,4.2174,-1.0,23,4,19
507,113,94,12,7,18.8754,21.5851,0.8319,0.1062,0.0619,2,2,1.0,67.0,4.4,-1.0,25,3,22
508,39,31,6,2,17.6526,40.7742,0.7949,0.1538,0.0513,5,2,0.4,41.0,4.5833,-1.0,12,1,11
509,63,53,7,3,19.0983,44.3774,0.8413,0.1111,0.0476,6,5,0.8333,14.0,4.5,-1.0,20,2,17
510,34,28,4,2,19.055,44.3571,0.8235,0.1176,0.0588,11,10,0.9091,39.0,3.3333,-1.0,18,8,10
511,145,128,10,7,18.9942,21.8281,0.8828,0.069,0.0483,3,3,1.0,11.0,4.0476,-1.0,21,3,14
512,81,71,7,3,20.3586,47.0986,0.8765,0.0864,0.037,6,5,0.8333,5.0,3.9,-1.0,20,4,13
513,93,70,10,13,16.996,39.7429,0.7527,0.1075,0.1398,12,8,0.6667,15.0,3.9524,-1.0,21,3,15
514,142,102,27,13,19.0279,21.7843,0.7183,0.1901,0.0915,15,10,0.6667,33.0,2.8,-1.0,15,7,6
515,116,115,1,0,19.1727,44.287,0.9914,0.0086,0.0,2,0,0.0,62.0,4.6667,-1.0,12,1,11
528,102,83,14,5,19.611,46.0241,0.8137,0.1373,0.049,7,7,1.0,38.0,4.4,-1.0,15,2,13
529,124,116,5,3,18.7099,14.1293,0.9355,0.0403,0.0242,5,4,0.8,6.0,4.7222,-1.0,18,0,17
530,43,32,6,5,18.2625,20.8125,0.7442,0.1395,0.1163,8,6,0.75,10.0,4.1538,-1.0,13,2,9
531,89,67,13,9,19.8627,46.0448,0.7528,0.1461,0.1011,10,7,0.7,19.0,3.9091,-1.0,22,3,15
